mariano.sampaio@gmail.com,senha123
mario.sampaio@gmail.com,senha123
lucas.sampaio@gmail.com,senha123
luano.sampaio@gmail.com,senha123
roberto.sampaio@gmail.com,senha123
bianca.sampaio@gmail.com,senha123
jose.sampaio@gmail.com,senha123
jamal.sampaio@gmail.com,senha123
james.sampaio@gmail.com,senha123
felipe.sampaio@gmail.com,senha123
alan.sampaio@gmail.com,senha123
carlos.sampaio@gmail.com,senha123
duncam.sampaio@gmail.com,senha123
edvaldo.sampaio@gmail.com,senha123
ibere.sampaio@gmail.com,senha123